-- phpMyAdmin SQL Dump
-- version 5.2.1
-- https://www.phpmyadmin.net/
--
-- Host: 127.0.0.1
-- Generation Time: Oct 10, 2025 at 02:49 PM
-- Server version: 10.4.32-MariaDB
-- PHP Version: 8.2.12

SET SQL_MODE = "NO_AUTO_VALUE_ON_ZERO";
START TRANSACTION;
SET time_zone = "+00:00";


/*!40101 SET @OLD_CHARACTER_SET_CLIENT=@@CHARACTER_SET_CLIENT */;
/*!40101 SET @OLD_CHARACTER_SET_RESULTS=@@CHARACTER_SET_RESULTS */;
/*!40101 SET @OLD_COLLATION_CONNECTION=@@COLLATION_CONNECTION */;
/*!40101 SET NAMES utf8mb4 */;

--
-- Database: `hotel`
--

-- --------------------------------------------------------

--
-- Table structure for table `grn`
--

CREATE TABLE `grn` (
  `grn_id` int(11) NOT NULL,
  `po_id` int(11) NOT NULL,
  `po_number` varchar(50) NOT NULL,
  `item` varchar(255) NOT NULL,
  `category` varchar(100) NOT NULL,
  `quantity_received` int(11) NOT NULL,
  `inspected_by` varchar(255) DEFAULT NULL,
  `condition_status` enum('Good','Damaged','Expired') NOT NULL,
  `date_received` datetime NOT NULL DEFAULT current_timestamp(),
  `notes` text DEFAULT NULL
) ENGINE=InnoDB DEFAULT CHARSET=utf8mb4 COLLATE=utf8mb4_general_ci;

--
-- Dumping data for table `grn`
--

INSERT INTO `grn` (`grn_id`, `po_id`, `po_number`, `item`, `category`, `quantity_received`, `inspected_by`, `condition_status`, `date_received`, `notes`) VALUES
(1, 2, 'PO-20250924-348', 'Orange Juice', 'Beverage', 10, 'EMP880782', 'Good', '2025-09-24 15:21:52', 'sss'),
(3, 1, 'PO-20250924-850', 'Detergent', 'Cleaning & Sanitation', 50, 'EMP305438', 'Good', '2025-09-24 15:25:59', 'fff'),
(5, 3, 'PO-20250924-014', 'Soy Sauce', 'Seasoning', 1000, 'EMP774690', 'Good', '2025-09-24 15:35:25', 'ffff'),
(6, 4, 'PO-20250924-356', 'Bedsheet', 'Laundry & Linen', 50, 'EMP344096', 'Good', '2025-09-24 15:40:13', '111'),
(7, 5, 'PO-20250924-813', 'Soap', 'Cleaning & Sanitation', 30, 'Paul Tan', 'Good', '2025-09-24 15:42:40', 'gggg'),
(8, 3, 'PO-20250924-014', 'Soy Sauce', 'Seasoning', 1000, 'Samantha Garcia', 'Good', '2025-09-24 15:53:27', 'fff'),
(9, 17, 'PO-20250924-1007', 'Shampoo', 'Toiletries', 25, 'Paul Tan', 'Good', '2025-09-24 15:56:50', 'fff'),
(10, 2, 'PO-20250924-348', 'Orange Juice', 'Beverage', 10, 'Michelle Tan', 'Good', '2025-09-24 16:53:35', 'cc'),
(11, 30, 'PO-20250924-353', 'Gallon of water', 'Beverage', 23, 'John Tan', 'Good', '2025-09-24 19:53:29', 'ddd'),
(12, 29, 'PO-20250924-1019', 'Misc Items', 'Others', 50, 'Paul Tan', 'Good', '2025-09-24 20:34:34', 'fff'),
(13, 28, 'PO-20250924-1018', 'Black Pepper', 'Spice', 10, 'Paul Tan', 'Good', '2025-09-24 20:50:02', 'ffff'),
(14, 31, 'PO-20251002-730', 'Sprite', 'Beverage', 50, 'Ryan Ildefonso', 'Good', '2025-10-02 11:39:19', 'ee'),
(15, 32, 'PO-20251004-866', 'Coca-Cola', 'Beverage', 555, 'Kimberly Lababo', 'Good', '2025-10-04 20:46:30', ';;;;;'),
(16, 33, 'PO-20251004-907', 'Royal', 'Beverage', 20, 'Isabel Reyes', 'Good', '2025-10-04 20:47:42', 'oioooi'),
(17, 34, 'PO-20251010-561', 'Root Bear', 'Beverage', 100, 'Juan Dela Cruz', 'Good', '2025-10-10 20:45:06', '');

-- --------------------------------------------------------

--
-- Table structure for table `inventory`
--

CREATE TABLE `inventory` (
  `item_id` int(11) NOT NULL,
  `item` varchar(255) NOT NULL,
  `category` enum('Hotel Supplies','Cleaning & Sanitation','Utility Products','Office Supplies','Kitchen Equipment','Furniture & Fixtures','Toiletries','Laundry & Linen','Beverage','Meat','Seafood','Vegetable','Fruit','Dairy','Seasoning','Grain','Beverage','Spice','Furniture & Fixtures','Electrical & Lighting','Plumbing Supplies','HVAC & Equipment Parts','Paint & Repair Materials','Tools & Hardware','Others','Mini Bar','Lounge Bar','Gift Store') NOT NULL,
  `quantity_in_stock` int(11) NOT NULL DEFAULT 0,
  `used_qty` int(11) DEFAULT 0,
  `wasted_qty` int(11) DEFAULT 0,
  `unit_price` decimal(10,2) NOT NULL DEFAULT 0.00,
  `inspected_by` varchar(255) DEFAULT NULL,
  `last_updated` timestamp NOT NULL DEFAULT current_timestamp() ON UPDATE current_timestamp(),
  `created_at` timestamp NOT NULL DEFAULT current_timestamp(),
  `unit` varchar(50) DEFAULT '-'
) ENGINE=InnoDB DEFAULT CHARSET=utf8mb4 COLLATE=utf8mb4_general_ci;

--
-- Dumping data for table `inventory`
--

INSERT INTO `inventory` (`item_id`, `item`, `category`, `quantity_in_stock`, `used_qty`, `wasted_qty`, `unit_price`, `inspected_by`, `last_updated`, `created_at`, `unit`) VALUES
(1204, 'Coffee Beans', 'Beverage', 0, 0, 0, 250.00, 'System', '2025-10-08 11:29:16', '2025-10-04 12:17:14', 'g'),
(1215, 'Water', 'Others', 50000, 0, 0, 5.00, 'System', '2025-10-08 11:08:56', '2025-10-04 12:17:14', 'L'),
(1266, 'Tote Bag', 'Gift Store', 50000, 0, 0, 200.00, 'System', '2025-10-08 11:22:20', '2025-10-02 13:04:30', 'pcs'),
(1267, 'Coffee Mug', 'Gift Store', 50000, 0, 0, 250.00, 'System', '2025-10-08 11:22:20', '2025-10-02 13:04:30', 'pcs'),
(1268, 'Notebook', 'Gift Store', 50000, 0, 0, 180.00, 'System', '2025-10-08 11:22:20', '2025-10-02 13:04:30', 'pcs'),
(1269, 'Pen Set', 'Gift Store', 0, 0, 0, 120.00, 'System', '2025-10-08 12:10:32', '2025-10-02 13:04:30', 'pcs'),
(1270, 'Local Snack Pack', 'Gift Store', 50000, 0, 0, 300.00, 'System', '2025-10-08 11:22:20', '2025-10-02 13:04:30', 'pcs'),
(1271, 'Mini Photo Frame', 'Gift Store', 50000, 0, 0, 220.00, 'System', '2025-10-08 11:22:20', '2025-10-02 13:04:30', 'pcs'),
(1272, 'Fragrant Candle', 'Gift Store', 49984, 0, 0, 350.00, 'System', '2025-10-10 11:16:26', '2025-10-02 13:04:30', 'pcs'),
(1273, 'Souvenir T-shirt', 'Gift Store', 50000, 0, 0, 400.00, 'System', '2025-10-08 11:22:20', '2025-10-02 13:04:30', 'pcs'),
(1274, 'Fridge Magnet Set', 'Gift Store', 49990, 0, 0, 180.00, 'System', '2025-10-10 11:16:26', '2025-10-02 13:04:30', 'pcs'),
(1275, 'Local Art Mini Canvas', 'Gift Store', 50000, 0, 0, 500.00, 'System', '2025-10-08 11:22:20', '2025-10-02 13:04:30', 'pcs'),
(1276, 'Ferrero Rocher Chocolate Box', 'Gift Store', 49976, 0, 0, 250.00, 'System', '2025-10-08 17:08:31', '2025-10-02 13:04:30', 'pcs'),
(1277, 'Decorative Coasters', 'Gift Store', 50000, 0, 0, 150.00, 'System', '2025-10-08 11:22:20', '2025-10-02 13:04:30', 'pcs'),
(1278, 'Handmade Bracelet', 'Gift Store', 49981, 0, 0, 300.00, 'System', '2025-10-10 11:16:26', '2025-10-02 13:04:30', 'pcs'),
(1279, 'Key Holder', 'Gift Store', 50000, 0, 0, 180.00, 'System', '2025-10-08 11:22:20', '2025-10-02 13:04:30', 'pcs'),
(1280, 'Miniature Figurine', 'Gift Store', 50000, 0, 0, 400.00, 'System', '2025-10-08 11:22:20', '2025-10-02 13:04:30', 'pcs'),
(1281, 'Local Snack Box', 'Gift Store', 50000, 0, 0, 350.00, 'System', '2025-10-08 11:22:20', '2025-10-02 13:04:30', 'pcs'),
(1282, 'Souvenir Pen', 'Gift Store', 50000, 0, 0, 100.00, 'System', '2025-10-08 11:22:20', '2025-10-02 13:04:30', 'pcs'),
(1283, 'Summit Natural Drinking Water ', 'Mini Bar', 50000, 0, 0, 50.00, 'System', '2025-10-08 11:22:20', '2025-10-02 13:04:30', 'pcs'),
(1284, 'Coca-Cola Original Taste Soft Drink Can', 'Mini Bar', 49999, 0, 0, 60.00, 'System', '2025-10-08 16:42:00', '2025-10-02 13:04:30', 'pcs'),
(1285, 'San Miguel Beer', 'Mini Bar', 50000, 0, 0, 120.00, 'System', '2025-10-08 11:22:20', '2025-10-02 13:04:30', 'pcs'),
(1286, 'Novellino - Rosso Classico', 'Mini Bar', 50000, 0, 0, 350.00, 'System', '2025-10-08 11:22:20', '2025-10-02 13:04:30', 'pcs'),
(1287, 'Lays', 'Mini Bar', 49998, 0, 0, 80.00, 'System', '2025-10-08 16:45:02', '2025-10-02 13:04:30', 'pcs'),
(1288, 'Toblerone', 'Mini Bar', 50000, 0, 0, 200.00, 'System', '2025-10-08 11:22:20', '2025-10-02 13:04:30', 'pcs'),
(1289, 'Growers Mixed Nuts', 'Mini Bar', 49999, 0, 0, 90.00, 'System', '2025-10-08 16:45:02', '2025-10-02 13:04:30', 'pcs'),
(1290, 'Minute Maid Fresh', 'Mini Bar', 50000, 0, 0, 30.00, 'System', '2025-10-08 11:22:20', '2025-10-02 13:04:30', 'pcs'),
(1291, 'Cobra Energy Drink ', 'Mini Bar', 49998, 0, 0, 120.00, 'System', '2025-10-08 16:42:00', '2025-10-02 13:04:30', 'pcs'),
(1292, 'Nestle Fresh Milk', 'Mini Bar', 50000, 0, 0, 40.00, 'System', '2025-10-08 11:22:20', '2025-10-02 13:04:30', 'pcs'),
(1293, 'Sparkling Water', 'Mini Bar', 50000, 0, 0, 80.00, 'System', '2025-10-08 11:22:20', '2025-10-02 13:04:30', 'pcs'),
(1294, 'Ding Dong Snack Mix', 'Mini Bar', 50000, 0, 0, 150.00, 'System', '2025-10-08 11:22:20', '2025-10-02 13:04:30', 'pcs'),
(1295, 'Candy Pack', 'Mini Bar', 49997, 0, 0, 50.00, 'System', '2025-10-08 16:45:02', '2025-10-02 13:04:30', 'pcs'),
(1296, 'Chips Ahoy! Chocolate Chip Cookies Snack Pack 38g', 'Mini Bar', 49996, 0, 0, 70.00, 'System', '2025-10-08 16:45:02', '2025-10-02 13:04:30', 'pcs'),
(1297, 'Beef Jerky', 'Mini Bar', 49997, 0, 0, 200.00, 'System', '2025-10-08 16:43:32', '2025-10-02 13:04:30', 'pcs'),
(1298, 'Minute Maid Fresh Orange Juice', 'Mini Bar', 50000, 0, 0, 90.00, 'System', '2025-10-08 11:22:20', '2025-10-02 13:04:30', 'pcs'),
(1299, 'Lipton Green Tea Lively Fresh ', 'Mini Bar', 50000, 0, 0, 120.00, 'System', '2025-10-08 11:22:20', '2025-10-02 13:04:30', 'pcs'),
(1300, 'Nescafe Original ', 'Mini Bar', 50000, 0, 0, 100.00, 'System', '2025-10-08 11:22:20', '2025-10-02 13:04:30', 'pcs'),
(1301, 'Lemonade Bottle', 'Mini Bar', 49997, 0, 0, 80.00, 'System', '2025-10-08 16:45:02', '2025-10-02 13:04:30', 'pcs'),
(1302, 'Alaska Fruitti Yo! Strawberry Yoghurt Milk Drink ', 'Mini Bar', 49999, 0, 0, 90.00, 'System', '2025-10-08 16:43:32', '2025-10-02 13:04:30', 'pcs'),
(1303, 'Cocktail - Mojito', 'Lounge Bar', 50000, 0, 0, 250.00, 'System', '2025-10-08 11:22:20', '2025-10-02 13:04:30', 'pcs'),
(1304, 'Cocktail - Margarita', 'Lounge Bar', 49980, 0, 0, 300.00, 'System', '2025-10-10 11:16:59', '2025-10-02 13:04:30', 'pcs'),
(1305, 'Cocktail - Martini', 'Lounge Bar', 50000, 0, 0, 320.00, 'System', '2025-10-08 11:22:20', '2025-10-02 13:04:30', 'pcs'),
(1306, 'Jack Daniel\'s', 'Lounge Bar', 50000, 0, 0, 400.00, 'System', '2025-10-08 11:22:20', '2025-10-02 13:04:30', 'pcs'),
(1307, 'Bacardi Gold Rum', 'Lounge Bar', 50000, 0, 0, 380.00, 'System', '2025-10-08 11:22:20', '2025-10-02 13:04:30', 'pcs'),
(1308, 'Ginebra San Miguel Gin', 'Lounge Bar', 50000, 0, 0, 360.00, 'System', '2025-10-08 11:22:20', '2025-10-02 13:04:30', 'pcs'),
(1309, 'Absolut Vodka', 'Lounge Bar', 50000, 0, 0, 350.00, 'System', '2025-10-08 11:22:20', '2025-10-02 13:04:30', 'pcs'),
(1310, 'Red Horse Beer Bottle', 'Lounge Bar', 50000, 0, 0, 120.00, 'System', '2025-10-08 11:22:20', '2025-10-02 13:04:30', 'pcs'),
(1311, 'Red Wine Glass', 'Lounge Bar', 50000, 0, 0, 450.00, 'System', '2025-10-08 11:22:20', '2025-10-02 13:04:30', 'pcs'),
(1312, 'White Wine Glass', 'Lounge Bar', 50000, 0, 0, 450.00, 'System', '2025-10-08 11:22:20', '2025-10-02 13:04:30', 'pcs'),
(1313, 'Cocktail - Daiquiri', 'Lounge Bar', 49995, 0, 0, 280.00, 'System', '2025-10-10 11:16:46', '2025-10-02 13:04:30', 'pcs'),
(1314, 'Cocktail - Pina Colada', 'Lounge Bar', 50000, 0, 0, 300.00, 'System', '2025-10-08 11:22:20', '2025-10-02 13:04:30', 'pcs'),
(1315, 'Cocktail - Tequila Sunrise', 'Lounge Bar', 49999, 0, 0, 310.00, 'System', '2025-10-08 16:38:24', '2025-10-02 13:04:30', 'pcs'),
(1316, 'Mocktail - Virgin Mojito', 'Lounge Bar', 50000, 0, 0, 200.00, 'System', '2025-10-08 11:22:20', '2025-10-02 13:04:30', 'pcs'),
(1317, 'Mocktail - Sunrise', 'Lounge Bar', 50000, 0, 0, 180.00, 'System', '2025-10-08 11:22:20', '2025-10-02 13:04:30', 'pcs'),
(1318, 'Snack Platter', 'Lounge Bar', 50000, 0, 0, 250.00, 'System', '2025-10-08 11:22:20', '2025-10-02 13:04:30', 'pcs'),
(1319, 'Arla Natural Cheese Mozzarella Cheese Slices', 'Mini Bar', 49999, 0, 0, 300.00, 'System', '2025-10-08 16:43:32', '2025-10-02 13:04:30', 'pcs'),
(1320, 'Mixed Nuts Bowl', 'Lounge Bar', 50000, 0, 0, 150.00, 'System', '2025-10-08 11:22:20', '2025-10-02 13:04:30', 'pcs'),
(1321, 'Olives Bowl', 'Lounge Bar', 50000, 0, 0, 120.00, 'System', '2025-10-08 11:22:20', '2025-10-02 13:04:30', 'pcs'),
(1322, 'Fruit Platter', 'Lounge Bar', 49998, 0, 0, 200.00, 'System', '2025-10-10 11:16:59', '2025-10-02 13:04:30', 'pcs'),
(1323, 'Chicken', 'Meat', 50000, 0, 0, 0.00, NULL, '2025-10-10 12:03:44', '2025-10-03 14:36:12', 'g'),
(1324, 'Papaya', 'Vegetable', 50000, 0, 0, 0.00, NULL, '2025-10-10 12:03:44', '2025-10-03 14:36:12', 'g'),
(1325, 'Malunggay Leaves', 'Vegetable', 50000, 0, 0, 0.00, NULL, '2025-10-10 12:03:44', '2025-10-03 14:36:12', 'g'),
(1326, 'Ginger', 'Seasoning', 50000, 0, 0, 0.00, NULL, '2025-10-10 12:03:44', '2025-10-03 14:36:12', 'g'),
(1327, 'Pork', 'Meat', 0, 0, 0, 0.00, NULL, '2025-10-08 11:30:55', '2025-10-03 14:36:12', 'g'),
(1328, 'Tamarind', 'Seasoning', 50000, 0, 0, 0.00, NULL, '2025-10-08 11:08:56', '2025-10-03 14:36:12', 'g'),
(1329, 'Kangkong', 'Vegetable', 50000, 0, 0, 0.00, NULL, '2025-10-08 11:08:56', '2025-10-03 14:36:12', 'g'),
(1330, 'Tomato', 'Vegetable', 50000, 0, 0, 0.00, NULL, '2025-10-08 11:08:56', '2025-10-03 14:36:12', 'g'),
(1331, 'Radish', 'Vegetable', 50000, 0, 0, 0.00, NULL, '2025-10-08 11:08:56', '2025-10-03 14:36:12', 'g'),
(1332, 'Beef Shank', 'Meat', 50000, 0, 0, 0.00, NULL, '2025-10-10 12:03:44', '2025-10-03 14:36:12', 'g'),
(1333, 'Corn', 'Vegetable', 50000, 0, 0, 0.00, NULL, '2025-10-10 12:03:44', '2025-10-03 14:36:12', 'pcs'),
(1334, 'Cabbage', 'Vegetable', 50000, 0, 0, 0.00, NULL, '2025-10-10 12:03:44', '2025-10-03 14:36:12', 'g'),
(1335, 'Marrow Bones', 'Meat', 50000, 0, 0, 0.00, NULL, '2025-10-10 12:03:44', '2025-10-03 14:36:12', 'g'),
(1336, 'Chicken', 'Meat', 50000, 0, 0, 0.00, NULL, '2025-10-10 12:03:44', '2025-10-03 14:36:12', 'g'),
(1337, 'Macaroni', 'Grain', 50000, 0, 0, 0.00, NULL, '2025-10-10 12:03:44', '2025-10-03 14:36:12', 'g'),
(1338, 'Milk', 'Dairy', 50000, 0, 0, 0.00, NULL, '2025-10-10 12:03:44', '2025-10-03 14:36:12', 'ml'),
(1339, 'Carrot', 'Vegetable', 50000, 0, 0, 0.00, NULL, '2025-10-10 12:03:44', '2025-10-03 14:36:12', 'g'),
(1340, 'Onion', 'Vegetable', 50000, 0, 0, 0.00, NULL, '2025-10-10 12:03:44', '2025-10-03 14:36:12', 'g'),
(1341, 'Noodles', 'Grain', 50000, 0, 0, 0.00, NULL, '2025-10-08 11:08:56', '2025-10-03 14:36:12', 'g'),
(1342, 'Pork', 'Meat', 50000, 0, 0, 0.00, NULL, '2025-10-08 11:07:40', '2025-10-03 14:36:12', 'g'),
(1343, 'Shrimp', 'Seafood', 50000, 0, 0, 0.00, NULL, '2025-10-08 11:23:26', '2025-10-03 14:36:12', 'g'),
(1344, 'Cabbage', 'Vegetable', 50000, 0, 0, 0.00, NULL, '2025-10-10 12:03:44', '2025-10-03 14:36:12', 'g'),
(1345, 'Carrot', 'Vegetable', 50000, 0, 0, 0.00, NULL, '2025-10-10 12:03:44', '2025-10-03 14:36:12', 'g'),
(1346, 'Bihon Noodles', 'Grain', 50000, 0, 0, 0.00, NULL, '2025-10-10 12:03:44', '2025-10-03 14:36:12', 'g'),
(1347, 'Chicken', 'Meat', 50000, 0, 0, 0.00, NULL, '2025-10-10 12:03:44', '2025-10-03 14:36:12', 'g'),
(1348, 'Cabbage', 'Vegetable', 50000, 0, 0, 0.00, NULL, '2025-10-10 12:03:44', '2025-10-03 14:36:12', 'g'),
(1349, 'Carrot', 'Vegetable', 50000, 0, 0, 0.00, NULL, '2025-10-10 12:03:44', '2025-10-03 14:36:12', 'g'),
(1350, 'Rice Noodles', 'Grain', 50000, 0, 0, 0.00, NULL, '2025-10-08 11:08:56', '2025-10-03 14:36:12', 'g'),
(1351, 'Shrimp', 'Seafood', 50000, 0, 0, 0.00, NULL, '2025-10-08 11:08:56', '2025-10-03 14:36:12', 'g'),
(1352, 'Egg', 'Others', 50000, 0, 0, 0.00, NULL, '2025-10-08 11:08:56', '2025-10-03 14:36:12', 'pcs'),
(1353, 'Seafood Sauce', 'Seasoning', 50000, 0, 0, 0.00, NULL, '2025-10-08 11:08:56', '2025-10-03 14:36:12', 'ml'),
(1354, 'Spaghetti Noodles', 'Grain', 50000, 0, 0, 0.00, NULL, '2025-10-08 11:08:56', '2025-10-03 14:37:23', 'g'),
(1355, 'Hotdog', 'Meat', 50000, 0, 0, 0.00, NULL, '2025-10-08 11:07:40', '2025-10-03 14:37:23', 'g'),
(1356, 'Cheese', 'Dairy', 50000, 0, 0, 0.00, NULL, '2025-10-08 11:08:56', '2025-10-03 14:37:23', 'g'),
(1357, 'Tomato Sauce', 'Seasoning', 50000, 0, 0, 0.00, NULL, '2025-10-08 11:08:56', '2025-10-03 14:37:23', 'ml'),
(1358, 'Pasta', 'Grain', 50000, 0, 0, 0.00, NULL, '2025-10-08 11:08:56', '2025-10-03 14:37:23', 'g'),
(1359, 'Bacon', 'Meat', 50000, 0, 0, 0.00, NULL, '2025-10-08 11:07:40', '2025-10-03 14:37:23', 'g'),
(1360, 'Cream', 'Dairy', 49700, 0, 0, 0.00, NULL, '2025-10-10 12:03:44', '2025-10-03 14:37:23', 'ml'),
(1361, 'Parmesan', 'Dairy', 50000, 0, 0, 0.00, NULL, '2025-10-08 11:08:56', '2025-10-03 14:37:23', 'g'),
(1362, 'Pork Belly', 'Meat', 50000, 0, 0, 0.00, NULL, '2025-10-10 12:03:44', '2025-10-03 14:37:23', 'g'),
(1363, 'Soy Sauce', 'Seasoning', 50000, 0, 0, 0.00, NULL, '2025-10-10 12:03:44', '2025-10-03 14:37:23', 'ml'),
(1364, 'Vinegar', 'Seasoning', 50000, 0, 0, 0.00, NULL, '2025-10-10 12:03:44', '2025-10-03 14:37:23', 'ml'),
(1365, 'Garlic', 'Seasoning', 50000, 0, 0, 0.00, NULL, '2025-10-08 11:08:56', '2025-10-03 14:37:23', 'g'),
(1366, 'Oxtail', 'Meat', 50000, 0, 0, 0.00, NULL, '2025-10-10 12:03:44', '2025-10-03 14:37:23', 'g'),
(1367, 'Peanut Sauce', 'Seasoning', 50000, 0, 0, 0.00, NULL, '2025-10-10 12:03:44', '2025-10-03 14:37:23', 'ml'),
(1368, 'Eggplant', 'Vegetable', 50000, 0, 0, 0.00, NULL, '2025-10-08 11:08:56', '2025-10-03 14:37:23', 'g'),
(1369, 'String Beans', 'Vegetable', 50000, 0, 0, 0.00, NULL, '2025-10-08 11:08:56', '2025-10-03 14:37:23', 'g'),
(1370, 'Banana Heart', 'Vegetable', 50000, 0, 0, 0.00, NULL, '2025-10-08 11:08:56', '2025-10-03 14:37:23', 'g'),
(1371, 'Pork Belly', 'Meat', 50000, 0, 0, 0.00, NULL, '2025-10-10 12:03:44', '2025-10-03 14:37:23', 'g'),
(1372, 'Salt', 'Seasoning', 50000, 0, 0, 0.00, NULL, '2025-10-08 11:08:56', '2025-10-03 14:37:23', 'g'),
(1373, 'Pepper', 'Seasoning', 50000, 0, 0, 0.00, NULL, '2025-10-08 11:08:56', '2025-10-03 14:37:23', 'g'),
(1374, 'Oil', 'Others', 50000, 0, 0, 0.00, NULL, '2025-10-10 12:03:44', '2025-10-03 14:37:23', 'ml'),
(1375, 'Pork Leg', 'Meat', 50000, 0, 0, 0.00, NULL, '2025-10-10 12:03:44', '2025-10-03 14:37:23', 'g'),
(1376, 'Salt', 'Seasoning', 50000, 0, 0, 0.00, NULL, '2025-10-08 11:08:56', '2025-10-03 14:37:23', 'g'),
(1377, 'Pepper', 'Seasoning', 50000, 0, 0, 0.00, NULL, '2025-10-08 11:08:56', '2025-10-03 14:37:23', 'g'),
(1378, 'Oil', 'Others', 50000, 0, 0, 0.00, NULL, '2025-10-10 12:03:44', '2025-10-03 14:37:23', 'ml'),
(1379, 'Beef', 'Meat', 50000, 0, 0, 0.00, NULL, '2025-10-08 11:07:40', '2025-10-03 14:37:23', 'g'),
(1380, 'Soy Sauce', 'Seasoning', 50000, 0, 0, 0.00, NULL, '2025-10-10 12:03:44', '2025-10-03 14:37:23', 'ml'),
(1381, 'Vinegar', 'Seasoning', 50000, 0, 0, 0.00, NULL, '2025-10-10 12:03:44', '2025-10-03 14:37:23', 'ml'),
(1382, 'Garlic', 'Seasoning', 50000, 0, 0, 0.00, NULL, '2025-10-08 11:08:56', '2025-10-03 14:37:23', 'g'),
(1383, 'Pork', 'Meat', 50000, 0, 0, 0.00, NULL, '2025-10-08 11:07:40', '2025-10-03 14:37:23', 'g'),
(1384, 'Sugar', 'Seasoning', 50000, 0, 0, 0.00, NULL, '2025-10-08 11:08:56', '2025-10-03 14:37:23', 'g'),
(1385, 'Salt', 'Seasoning', 50000, 0, 0, 0.00, NULL, '2025-10-08 11:08:56', '2025-10-03 14:37:23', 'g'),
(1386, 'Garlic', 'Seasoning', 50000, 0, 0, 0.00, NULL, '2025-10-08 11:08:56', '2025-10-03 14:37:23', 'g'),
(1387, 'Pork Sausage', 'Meat', 50000, 0, 0, 0.00, NULL, '2025-10-08 11:07:40', '2025-10-03 14:37:23', 'g'),
(1388, 'Garlic', 'Seasoning', 50000, 0, 0, 0.00, NULL, '2025-10-08 11:08:56', '2025-10-03 14:37:23', 'g'),
(1389, 'Salt', 'Seasoning', 50000, 0, 0, 0.00, NULL, '2025-10-08 11:08:56', '2025-10-03 14:37:23', 'g'),
(1390, 'Pepper', 'Seasoning', 50000, 0, 0, 0.00, NULL, '2025-10-08 11:08:56', '2025-10-03 14:37:23', 'g'),
(1391, 'Milkfish', 'Seafood', 50000, 0, 0, 0.00, NULL, '2025-10-08 11:08:56', '2025-10-03 14:37:23', 'g'),
(1392, 'Vinegar', 'Seasoning', 50000, 0, 0, 0.00, NULL, '2025-10-10 12:03:44', '2025-10-03 14:37:23', 'ml'),
(1393, 'Garlic', 'Seasoning', 50000, 0, 0, 0.00, NULL, '2025-10-08 11:08:56', '2025-10-03 14:37:23', 'g'),
(1394, 'Salt', 'Seasoning', 50000, 0, 0, 0.00, NULL, '2025-10-08 11:08:56', '2025-10-03 14:37:23', 'g'),
(1395, 'Chicken Leg', 'Meat', 50000, 0, 0, 0.00, NULL, '2025-10-08 11:07:40', '2025-10-03 14:37:23', 'g'),
(1396, 'Soy Sauce', 'Seasoning', 50000, 0, 0, 0.00, NULL, '2025-10-10 12:03:44', '2025-10-03 14:37:23', 'ml'),
(1397, 'Vinegar', 'Seasoning', 50000, 0, 0, 0.00, NULL, '2025-10-10 12:03:44', '2025-10-03 14:37:23', 'ml'),
(1398, 'Garlic', 'Seasoning', 50000, 0, 0, 0.00, NULL, '2025-10-08 11:08:56', '2025-10-03 14:37:23', 'g'),
(1399, 'Annatto Oil', 'Others', 50000, 0, 0, 0.00, NULL, '2025-10-08 11:08:56', '2025-10-03 14:37:23', 'ml'),
(1400, 'Tilapia', 'Seafood', 50000, 0, 0, 0.00, NULL, '2025-10-08 11:08:56', '2025-10-03 14:37:23', 'g'),
(1401, 'Salt', 'Seasoning', 50000, 0, 0, 0.00, NULL, '2025-10-08 11:08:56', '2025-10-03 14:37:23', 'g'),
(1402, 'Pepper', 'Seasoning', 50000, 0, 0, 0.00, NULL, '2025-10-08 11:08:56', '2025-10-03 14:37:23', 'g'),
(1403, 'Banana Leaf', 'Vegetable', 50000, 0, 0, 0.00, NULL, '2025-10-08 11:08:56', '2025-10-03 14:37:23', 'pcs'),
(1404, 'Rice', 'Grain', 50000, 0, 0, 0.00, NULL, '2025-10-08 11:08:56', '2025-10-03 14:37:23', 'g'),
(1405, 'Hotel La Vista Souvenir Mug', 'Gift Store', 50000, 8, 1, 250.00, 'EMP501', '2025-10-08 11:22:20', '2025-10-04 11:21:32', 'piece'),
(1406, 'Local Handmade Necklace', 'Gift Store', 50000, 5, 0, 180.00, 'EMP501', '2025-10-08 11:22:20', '2025-10-04 11:21:32', 'piece'),
(1407, 'Mini Teddy Bear Keychain', 'Gift Store', 50000, 15, 3, 95.00, 'EMP501', '2025-10-08 11:22:20', '2025-10-04 11:21:32', 'piece'),
(1408, 'La Vista Chocolate Gift Box', 'Gift Store', 49998, 6, 0, 1500.00, 'EMP501', '2025-10-08 16:18:17', '2025-10-04 11:21:32', 'box'),
(1409, 'Sprite Can 330ml', 'Mini Bar', 50000, 22, 1, 65.00, 'EMP601', '2025-10-08 11:22:20', '2025-10-04 11:21:32', 'can'),
(1410, 'Jack n Jill Piattos Sour Cream', 'Mini Bar', 49997, 18, 0, 55.00, 'EMP601', '2025-10-08 16:45:02', '2025-10-04 11:21:32', 'pack'),
(1411, 'Red Horse Beer Can 500ml', 'Mini Bar', 50000, 20, 2, 95.00, 'EMP602', '2025-10-08 11:22:20', '2025-10-04 11:21:32', 'bottle'),
(1412, 'KitKat Mini Pack', 'Mini Bar', 49997, 15, 1, 85.00, 'EMP603', '2025-10-08 16:45:02', '2025-10-04 11:21:32', 'pack'),
(1413, 'Nature Spring Water 500ml', 'Mini Bar', 50000, 30, 3, 40.00, 'EMP603', '2025-10-08 11:22:20', '2025-10-04 11:21:32', 'bottle'),
(1414, 'Jack \'N Jill Vcut Spicy Barbeque ', 'Mini Bar', 49997, 12, 0, 130.00, 'EMP603', '2025-10-08 16:45:02', '2025-10-04 11:21:32', 'pack'),
(1415, 'Chivas Regal 12 Years', 'Lounge Bar', 49999, 4, 0, 2400.00, 'EMP701', '2025-10-08 17:16:46', '2025-10-04 11:21:32', 'bottle'),
(1416, 'Grey Goose Vodka', 'Lounge Bar', 50000, 6, 0, 2700.00, 'EMP702', '2025-10-08 11:22:20', '2025-10-04 11:21:32', 'bottle'),
(1417, 'Jose Cuervo Tequila', 'Lounge Bar', 50000, 7, 1, 1950.00, 'EMP703', '2025-10-08 11:22:20', '2025-10-04 11:21:32', 'bottle'),
(1418, 'Hennessy VS Cognac', 'Lounge Bar', 50000, 3, 0, 3200.00, 'EMP704', '2025-10-08 11:22:20', '2025-10-04 11:21:32', 'bottle'),
(1419, 'Baileys Irish Cream', 'Lounge Bar', 50000, 5, 0, 1800.00, 'EMP705', '2025-10-08 11:22:20', '2025-10-04 11:21:32', 'bottle'),
(1420, 'Smirnoff Vodka', 'Lounge Bar', 50000, 8, 1, 1500.00, 'EMP705', '2025-10-08 11:22:20', '2025-10-04 11:21:32', 'bottle'),
(1421, 'Tanduay Ice', 'Lounge Bar', 50000, 10, 0, 95.00, 'EMP705', '2025-10-08 11:22:20', '2025-10-04 11:21:32', 'bottle'),
(1422, 'Mixology Cocktail Syrup', 'Lounge Bar', 50000, 6, 1, 380.00, 'EMP705', '2025-10-08 11:22:20', '2025-10-04 11:21:32', 'bottle'),
(1423, 'Cocktail Straw Set', 'Lounge Bar', 49998, 40, 5, 3.00, 'EMP705', '2025-10-10 11:16:59', '2025-10-04 11:21:32', 'piece'),
(1424, 'Highball Glass', 'Lounge Bar', 50000, 8, 2, 160.00, 'EMP705', '2025-10-08 11:22:20', '2025-10-04 11:21:32', 'piece'),
(1425, 'Hotel Signature Scent Perfume', 'Gift Store', 50000, 0, 0, 550.00, 'System', '2025-10-08 11:22:20', '2025-10-04 11:44:30', 'pcs'),
(1426, 'Handwoven Coin Purse', 'Gift Store', 50000, 0, 0, 180.00, 'System', '2025-10-08 11:22:20', '2025-10-04 11:44:30', 'pcs'),
(1427, 'Limited Edition Hotel Calendar', 'Gift Store', 49996, 0, 0, 250.00, 'System', '2025-10-08 17:08:31', '2025-10-04 11:44:30', 'pcs'),
(1431, 'Tea Leaves', 'Beverage', 50000, 0, 0, 0.50, 'System', '2025-10-08 11:10:19', '2025-10-04 11:58:37', 'g'),
(1432, 'Water', 'Others', 50000, 0, 0, 0.02, 'System', '2025-10-08 11:08:56', '2025-10-04 11:58:37', 'ml'),
(1433, 'Sugar', 'Seasoning', 50000, 0, 0, 0.10, 'System', '2025-10-08 11:08:56', '2025-10-04 11:58:37', 'g'),
(1434, 'Ice Cubes', 'Others', 50000, 0, 0, 0.05, 'System', '2025-10-08 11:08:56', '2025-10-04 11:58:37', 'g'),
(1435, 'Lemon Slice', 'Beverage', 50000, 0, 0, 5.00, 'System', '2025-10-08 11:22:20', '2025-10-04 11:58:37', 'pcs'),
(1436, 'All-purpose Flour', 'Others', 50000, 0, 0, 0.15, 'System', '2025-10-08 11:22:20', '2025-10-04 12:00:04', 'g'),
(1437, 'Cocoa Powder', 'Others', 50000, 0, 0, 0.30, 'System', '2025-10-08 11:22:20', '2025-10-04 12:00:04', 'g'),
(1438, 'Eggs', 'Others', 50000, 0, 0, 7.00, 'System', '2025-10-08 11:22:20', '2025-10-04 12:00:04', 'pcs'),
(1439, 'Butter', 'Dairy', 50000, 0, 0, 1.20, 'System', '2025-10-08 11:22:20', '2025-10-04 12:00:04', 'g'),
(1440, 'Sugar', 'Others', 50000, 0, 0, 0.10, 'System', '2025-10-08 11:22:20', '2025-10-04 12:00:04', 'g'),
(1441, 'Cream', 'Dairy', 49700, 0, 0, 0.50, 'System', '2025-10-10 12:03:44', '2025-10-04 12:00:04', 'ml'),
(1442, 'Mixed Fruits', 'Fruit', 50000, 0, 0, 0.25, 'System', '2025-10-08 11:17:09', '2025-10-04 12:00:04', 'g'),
(1443, 'Condensed Milk', 'Dairy', 50000, 0, 0, 0.60, 'System', '2025-10-08 11:15:55', '2025-10-04 12:00:04', 'ml'),
(1444, 'All-purpose Cream', 'Dairy', 49980, 0, 20, 0.70, 'System', '2025-10-10 10:46:31', '2025-10-04 12:00:04', 'ml'),
(1445, 'Fruit Cocktail Syrup', 'Others', 50000, 0, 0, 0.30, 'System', '2025-10-08 11:15:55', '2025-10-04 12:00:04', 'ml'),
(1446, 'Cream Cheese', 'Dairy', 50000, 0, 0, 1.50, 'System', '2025-10-08 11:15:55', '2025-10-04 12:00:04', 'g'),
(1447, 'Graham Crumbs', 'Grain', 50000, 0, 0, 0.25, 'System', '2025-10-08 11:15:55', '2025-10-04 12:00:04', 'g'),
(1448, 'Butter (for crust)', 'Dairy', 50000, 0, 0, 1.20, 'System', '2025-10-08 11:15:55', '2025-10-04 12:00:04', 'g'),
(1449, 'Sugar (for crust)', 'Seasoning', 50000, 0, 0, 0.10, 'System', '2025-10-08 11:15:55', '2025-10-04 12:00:04', 'g'),
(1450, 'Whipping Cream', 'Dairy', 50000, 0, 0, 0.80, 'System', '2025-10-08 11:15:55', '2025-10-04 12:00:04', 'ml'),
(1451, 'Chocolate Chips', 'Others', 50000, 0, 0, 0.40, 'System', '2025-10-08 11:15:55', '2025-10-04 12:00:04', 'g'),
(1452, 'Eggs (for brownies)', 'Dairy', 50000, 0, 0, 7.00, 'System', '2025-10-08 11:15:55', '2025-10-04 12:00:04', 'pcs'),
(1453, 'Flour (for brownies)', 'Grain', 50000, 0, 0, 0.15, 'System', '2025-10-08 11:15:55', '2025-10-04 12:00:04', 'g'),
(1454, 'Sugar (for brownies)', 'Seasoning', 50000, 0, 0, 0.10, 'System', '2025-10-08 11:15:55', '2025-10-04 12:00:04', 'g'),
(1455, 'Butter (for brownies)', 'Dairy', 50000, 0, 0, 1.20, 'System', '2025-10-08 11:15:55', '2025-10-04 12:00:04', 'g'),
(1456, 'Vanilla Ice Cream', 'Dairy', 50000, 0, 0, 0.80, 'System', '2025-10-08 11:15:55', '2025-10-04 12:00:04', 'g'),
(1457, 'Chocolate Syrup', 'Others', 50000, 0, 0, 0.50, 'System', '2025-10-08 11:15:55', '2025-10-04 12:00:04', 'ml'),
(1458, 'Whipped Cream', 'Dairy', 50000, 0, 0, 0.60, 'System', '2025-10-08 11:15:55', '2025-10-04 12:00:04', 'ml'),
(1459, 'Crushed Nuts', 'Others', 50000, 0, 0, 0.30, 'System', '2025-10-08 11:15:55', '2025-10-04 12:00:04', 'g'),
(1460, 'Cherries', 'Others', 50000, 0, 0, 1.00, 'System', '2025-10-08 11:15:55', '2025-10-04 12:00:04', 'pcs'),
(1461, 'Fresh Fruits', 'Beverage', 50000, 0, 0, 200.00, 'System', '2025-10-08 11:10:19', '2025-10-04 12:06:11', 'kg'),
(1462, 'Ice Cubes', 'Beverage', 50000, 0, 0, 10.00, 'System', '2025-10-08 11:10:19', '2025-10-04 12:06:11', 'kg'),
(1463, 'Sugar Syrup', 'Beverage', 50000, 0, 0, 80.00, 'System', '2025-10-08 11:10:19', '2025-10-04 12:06:11', 'L'),
(1464, 'Lemon', 'Fruit', 50000, 0, 0, 15.00, 'System', '2025-10-08 11:22:20', '2025-10-04 12:12:31', 'pcs'),
(1465, 'Water', 'Others', 50000, 0, 0, 0.00, 'System', '2025-10-08 11:08:56', '2025-10-04 12:12:31', 'L'),
(1466, 'Sugar', 'Seasoning', 50000, 0, 0, 80.00, 'System', '2025-10-08 11:08:56', '2025-10-04 12:12:31', 'g'),
(1467, 'Ice Cubes', 'Others', 50000, 0, 0, 10.00, 'System', '2025-10-08 11:08:56', '2025-10-04 12:12:31', 'pcs'),
(1468, 'Coffee Powder', 'Beverage', 50000, 0, 0, 250.00, 'System', '2025-10-08 11:10:19', '2025-10-04 12:13:59', 'g'),
(1469, 'Water', 'Beverage', 50000, 0, 0, 0.00, 'System', '2025-10-08 11:10:19', '2025-10-04 12:13:59', 'L'),
(1470, 'Sugar', 'Seasoning', 50000, 0, 0, 80.00, 'System', '2025-10-08 11:08:56', '2025-10-04 12:13:59', 'g'),
(1471, 'Milk', 'Dairy', 50000, 0, 0, 120.00, 'System', '2025-10-10 12:03:44', '2025-10-04 12:15:50', 'L'),
(1472, 'Chocolate Syrup', 'Others', 50000, 0, 0, 150.00, 'System', '2025-10-08 11:14:59', '2025-10-04 12:15:50', 'ml'),
(1473, 'Ice Cream', 'Dairy', 50000, 0, 0, 200.00, 'System', '2025-10-10 12:03:44', '2025-10-04 12:15:50', 'g'),
(1474, 'Ice Cubes', 'Beverage', 50000, 0, 0, 10.00, 'System', '2025-10-08 11:10:19', '2025-10-04 12:15:50', 'pcs'),
(1475, 'Whipped Cream', 'Dairy', 50000, 0, 0, 180.00, 'System', '2025-10-08 11:08:56', '2025-10-04 12:15:50', 'g'),
(1478, 'Sugar', 'Seasoning', 50000, 0, 0, 60.00, 'System', '2025-10-08 11:08:56', '2025-10-04 12:17:14', 'g'),
(1479, 'Coca-Cola', 'Beverage', 50000, 0, 0, 0.09, 'Kimberly Lababo', '2025-10-08 11:10:19', '2025-10-04 12:46:30', '-'),
(1480, 'Royal', 'Mini Bar', 50000, 0, 0, 1111.10, 'Isabel Reyes', '2025-10-08 11:22:20', '2025-10-04 12:47:42', '-'),
(1481, 'Chicken', 'Meat', 50000, 0, 0, 0.00, NULL, '2025-10-10 12:03:44', '2025-10-05 07:34:37', 'g'),
(1482, 'Papaya', 'Vegetable', 50000, 0, 0, 0.00, NULL, '2025-10-10 12:03:44', '2025-10-05 07:34:37', 'g'),
(1483, 'Malunggay Leaves', 'Vegetable', 50000, 0, 0, 0.00, NULL, '2025-10-10 12:03:44', '2025-10-05 07:34:37', 'g'),
(1484, 'Ginger', 'Seasoning', 50000, 0, 0, 0.00, NULL, '2025-10-10 12:03:44', '2025-10-05 07:34:37', 'g'),
(1485, 'Pork', 'Meat', 50000, 0, 0, 0.00, NULL, '2025-10-08 11:07:40', '2025-10-05 07:34:37', 'g'),
(1486, 'Tamarind', 'Seasoning', 50000, 0, 0, 0.00, NULL, '2025-10-08 11:08:56', '2025-10-05 07:34:37', 'g'),
(1487, 'Kangkong', 'Vegetable', 50000, 0, 0, 0.00, NULL, '2025-10-08 11:08:56', '2025-10-05 07:34:37', 'g'),
(1488, 'Tomato', 'Vegetable', 50000, 0, 0, 0.00, NULL, '2025-10-08 11:08:56', '2025-10-05 07:34:37', 'g'),
(1489, 'Radish', 'Vegetable', 50000, 0, 0, 0.00, NULL, '2025-10-08 11:08:56', '2025-10-05 07:34:37', 'g'),
(1490, 'Beef Shank', 'Meat', 50000, 0, 0, 0.00, NULL, '2025-10-10 12:03:44', '2025-10-05 07:34:37', 'g'),
(1491, 'Corn', 'Vegetable', 50000, 0, 0, 0.00, NULL, '2025-10-10 12:03:44', '2025-10-05 07:34:37', 'pcs'),
(1492, 'Cabbage', 'Vegetable', 50000, 0, 0, 0.00, NULL, '2025-10-10 12:03:44', '2025-10-05 07:34:37', 'g'),
(1493, 'Marrow Bones', 'Meat', 50000, 0, 0, 0.00, NULL, '2025-10-10 12:03:44', '2025-10-05 07:34:37', 'g'),
(1494, 'Chicken', 'Meat', 50000, 0, 0, 0.00, NULL, '2025-10-10 12:03:44', '2025-10-05 07:34:37', 'g'),
(1495, 'Macaroni', 'Grain', 50000, 0, 0, 0.00, NULL, '2025-10-10 12:03:44', '2025-10-05 07:34:37', 'g'),
(1496, 'Milk', 'Dairy', 50000, 0, 0, 0.00, NULL, '2025-10-10 12:03:44', '2025-10-05 07:34:37', 'ml'),
(1497, 'Carrot', 'Vegetable', 50000, 0, 0, 0.00, NULL, '2025-10-10 12:03:44', '2025-10-05 07:34:37', 'g'),
(1498, 'Onion', 'Vegetable', 50000, 0, 0, 0.00, NULL, '2025-10-10 12:03:44', '2025-10-05 07:34:37', 'g'),
(1499, 'Noodles', 'Grain', 50000, 0, 0, 0.00, NULL, '2025-10-08 11:08:56', '2025-10-05 07:34:37', 'g'),
(1500, 'Pork', 'Meat', 50000, 0, 0, 0.00, NULL, '2025-10-08 11:07:40', '2025-10-05 07:34:37', 'g'),
(1501, 'Shrimp', 'Seafood', 50000, 0, 0, 0.00, NULL, '2025-10-08 11:08:56', '2025-10-05 07:34:37', 'g'),
(1502, 'Cabbage', 'Vegetable', 50000, 0, 0, 0.00, NULL, '2025-10-10 12:03:44', '2025-10-05 07:34:37', 'g'),
(1503, 'Carrot', 'Vegetable', 50000, 0, 0, 0.00, NULL, '2025-10-10 12:03:44', '2025-10-05 07:34:37', 'g'),
(1504, 'Bihon Noodles', 'Grain', 50000, 0, 0, 0.00, NULL, '2025-10-10 12:03:44', '2025-10-05 07:34:37', 'g'),
(1505, 'Chicken', 'Meat', 50000, 0, 0, 0.00, NULL, '2025-10-10 12:03:44', '2025-10-05 07:34:37', 'g'),
(1506, 'Rice Noodles', 'Grain', 50000, 0, 0, 0.00, NULL, '2025-10-08 11:08:56', '2025-10-05 07:36:48', 'pcs'),
(1507, 'Seafood Mix', 'Seafood', 50000, 0, 0, 0.00, NULL, '2025-10-08 11:08:56', '2025-10-05 07:36:48', 'g'),
(1508, 'Vegetables', 'Vegetable', 50000, 0, 0, 0.00, NULL, '2025-10-10 12:03:44', '2025-10-05 07:36:48', 'g'),
(1509, 'Spaghetti Noodles', 'Grain', 50000, 0, 0, 0.00, NULL, '2025-10-08 11:08:56', '2025-10-05 07:36:48', 'g'),
(1510, 'Tomato Sauce', 'Seasoning', 50000, 0, 0, 0.00, NULL, '2025-10-08 11:08:56', '2025-10-05 07:36:48', 'ml'),
(1511, 'Ground Meat', 'Meat', 50000, 0, 0, 0.00, NULL, '2025-10-08 11:07:40', '2025-10-05 07:36:48', 'g'),
(1512, 'Pasta', 'Grain', 50000, 0, 0, 0.00, NULL, '2025-10-08 11:08:56', '2025-10-05 07:36:48', 'g'),
(1513, 'Bacon', 'Meat', 49950, 0, 50, 0.00, NULL, '2025-10-10 10:45:27', '2025-10-05 07:36:48', 'g'),
(1514, 'Cream', 'Dairy', 49700, 0, 0, 0.00, NULL, '2025-10-10 12:03:44', '2025-10-05 07:36:48', 'ml'),
(1515, 'Pork Belly', 'Meat', 50000, 0, 0, 0.00, NULL, '2025-10-10 12:03:44', '2025-10-05 07:36:48', 'g'),
(1516, 'Soy Sauce', 'Seasoning', 50000, 0, 0, 0.00, NULL, '2025-10-10 12:03:44', '2025-10-05 07:36:48', 'ml'),
(1517, 'Vinegar', 'Seasoning', 50000, 0, 0, 0.00, NULL, '2025-10-10 12:03:44', '2025-10-05 07:36:48', 'ml'),
(1518, 'Oxtail', 'Meat', 50000, 0, 0, 0.00, NULL, '2025-10-10 12:03:44', '2025-10-05 07:36:49', 'g'),
(1519, 'Peanut Sauce', 'Seasoning', 50000, 0, 0, 0.00, NULL, '2025-10-10 12:03:44', '2025-10-05 07:36:49', 'ml'),
(1520, 'Vegetables', 'Vegetable', 50000, 0, 0, 0.00, NULL, '2025-10-10 12:03:44', '2025-10-05 07:36:49', 'g'),
(1521, 'Pork Belly', 'Meat', 50000, 0, 0, 0.00, NULL, '2025-10-10 12:03:44', '2025-10-05 07:36:49', 'g'),
(1522, 'Oil', 'Others', 50000, 0, 0, 0.00, NULL, '2025-10-10 12:03:44', '2025-10-05 07:36:49', 'ml'),
(1523, 'Pork Leg', 'Meat', 50000, 0, 0, 0.00, NULL, '2025-10-10 12:03:44', '2025-10-05 07:36:49', 'g'),
(1524, 'Oil', 'Others', 50000, 0, 0, 0.00, NULL, '2025-10-10 12:03:44', '2025-10-05 07:36:49', 'ml'),
(1525, 'Beef Strips', 'Meat', 50000, 0, 0, 0.00, NULL, '2025-10-08 11:07:40', '2025-10-05 07:36:49', 'g'),
(1526, 'Soy Sauce', 'Seasoning', 50000, 0, 0, 0.00, NULL, '2025-10-10 12:03:44', '2025-10-05 07:36:49', 'ml'),
(1527, 'Garlic', 'Seasoning', 50000, 0, 0, 0.00, NULL, '2025-10-08 11:08:56', '2025-10-05 07:36:49', 'g'),
(1528, 'Pork', 'Meat', 50000, 0, 0, 0.00, NULL, '2025-10-08 11:07:40', '2025-10-05 07:36:49', 'g'),
(1529, 'Sugar', 'Seasoning', 50000, 0, 0, 0.00, NULL, '2025-10-08 11:08:56', '2025-10-05 07:36:49', 'g'),
(1530, 'Garlic', 'Seasoning', 50000, 0, 0, 0.00, NULL, '2025-10-08 11:08:56', '2025-10-05 07:36:49', 'g'),
(1531, 'Pork Sausages', 'Meat', 50000, 0, 0, 0.00, NULL, '2025-10-08 11:07:40', '2025-10-05 07:42:04', 'g'),
(1532, 'Milkfish', 'Seafood', 50000, 0, 0, 0.00, NULL, '2025-10-08 11:08:56', '2025-10-05 07:42:04', 'g'),
(1533, 'Vinegar', 'Seasoning', 50000, 0, 0, 0.00, NULL, '2025-10-10 12:03:44', '2025-10-05 07:42:04', 'ml'),
(1534, 'Garlic', 'Seasoning', 50000, 0, 0, 0.00, NULL, '2025-10-08 11:08:56', '2025-10-05 07:42:04', 'g'),
(1535, 'Salt', 'Seasoning', 50000, 0, 0, 0.00, NULL, '2025-10-08 11:08:56', '2025-10-05 07:42:04', 'g'),
(1536, 'Chicken Leg', 'Meat', 50000, 0, 0, 0.00, NULL, '2025-10-08 11:07:40', '2025-10-05 07:42:04', 'g'),
(1537, 'Soy Sauce', 'Seasoning', 50000, 0, 0, 0.00, NULL, '2025-10-10 12:03:44', '2025-10-05 07:42:04', 'ml'),
(1538, 'Vinegar', 'Seasoning', 50000, 0, 0, 0.00, NULL, '2025-10-10 12:03:44', '2025-10-05 07:42:04', 'ml'),
(1539, 'Garlic', 'Seasoning', 50000, 0, 0, 0.00, NULL, '2025-10-08 11:08:56', '2025-10-05 07:42:04', 'g'),
(1540, 'Tilapia', 'Seafood', 50000, 0, 0, 0.00, NULL, '2025-10-08 11:08:56', '2025-10-05 07:42:04', 'g'),
(1541, 'Salt', 'Seasoning', 50000, 0, 0, 0.00, NULL, '2025-10-08 11:08:56', '2025-10-05 07:42:04', 'g'),
(1542, 'Pepper', 'Seasoning', 50000, 0, 0, 0.00, NULL, '2025-10-08 11:08:56', '2025-10-05 07:42:04', 'g'),
(1543, 'Rice', 'Grain', 50000, 0, 0, 0.00, NULL, '2025-10-08 11:08:56', '2025-10-05 07:42:04', 'g'),
(1544, 'Water', 'Others', 50000, 0, 0, 0.00, NULL, '2025-10-08 11:08:56', '2025-10-05 07:42:04', 'ml'),
(1545, 'Chocolate Cake Mix', 'Grain', 50000, 0, 0, 0.00, NULL, '2025-10-08 11:08:56', '2025-10-05 07:42:04', 'g'),
(1546, 'Cream', 'Dairy', 49700, 0, 0, 0.00, NULL, '2025-10-10 12:03:44', '2025-10-05 07:42:04', 'ml'),
(1547, 'Fruits', 'Fruit', 50000, 0, 0, 0.00, NULL, '2025-10-10 12:03:44', '2025-10-05 07:42:04', 'g'),
(1548, 'Syrup', 'Others', 50000, 0, 0, 0.00, NULL, '2025-10-10 12:03:44', '2025-10-05 07:42:04', 'ml'),
(1549, 'Cheesecake Mix', 'Dairy', 49100, 0, 0, 0.00, NULL, '2025-10-10 12:03:44', '2025-10-05 07:42:04', 'g'),
(1550, 'Cream', 'Dairy', 49700, 0, 0, 0.00, NULL, '2025-10-10 12:03:44', '2025-10-05 07:42:04', 'ml'),
(1551, 'Brownie Mix', 'Grain', 50000, 0, 0, 0.00, NULL, '2025-10-10 12:03:44', '2025-10-05 07:42:04', 'g'),
(1552, 'Chocolate', 'Dairy', 50000, 0, 0, 0.00, NULL, '2025-10-10 12:03:44', '2025-10-05 07:42:04', 'g'),
(1553, 'Ice Cream', 'Dairy', 50000, 0, 0, 0.00, NULL, '2025-10-10 12:03:44', '2025-10-05 07:42:04', 'g'),
(1554, 'Toppings', 'Others', 50000, 0, 0, 0.00, NULL, '2025-10-10 12:03:44', '2025-10-05 07:42:04', 'g'),
(1555, 'Chocolate Cake Mix', 'Grain', 50000, 0, 0, 0.00, NULL, '2025-10-08 11:08:56', '2025-10-05 08:50:18', 'g'),
(1556, 'Cream', 'Dairy', 49700, 0, 0, 0.00, NULL, '2025-10-10 12:03:44', '2025-10-05 08:50:18', 'ml'),
(1557, 'Fruits', 'Fruit', 50000, 0, 0, 0.00, NULL, '2025-10-10 12:03:44', '2025-10-05 08:50:18', 'g'),
(1558, 'Syrup', 'Others', 50000, 0, 0, 0.00, NULL, '2025-10-10 12:03:44', '2025-10-05 08:50:18', 'ml'),
(1559, 'Cheesecake Mix', 'Dairy', 49100, 0, 0, 0.00, NULL, '2025-10-10 12:03:44', '2025-10-05 08:50:18', 'g'),
(1560, 'Cream', 'Dairy', 49700, 0, 0, 0.00, NULL, '2025-10-10 12:03:44', '2025-10-05 08:50:18', 'ml'),
(1561, 'Brownie Mix', 'Grain', 50000, 0, 0, 0.00, NULL, '2025-10-10 12:03:44', '2025-10-05 08:50:18', 'g'),
(1562, 'Chocolate', 'Dairy', 50000, 0, 0, 0.00, NULL, '2025-10-10 12:03:44', '2025-10-05 08:50:18', 'g'),
(1563, 'Ice Cream', 'Dairy', 50000, 0, 0, 0.00, NULL, '2025-10-10 12:03:44', '2025-10-05 08:50:18', 'g'),
(1564, 'Toppings', 'Others', 50000, 0, 0, 0.00, NULL, '2025-10-10 12:03:44', '2025-10-05 08:50:18', 'g'),
(1565, 'Tea', 'Others', 50000, 0, 0, 0.00, NULL, '2025-10-08 11:08:56', '2025-10-05 08:50:18', 'g'),
(1566, 'Sugar', 'Seasoning', 50000, 0, 0, 0.00, NULL, '2025-10-08 11:08:56', '2025-10-05 08:50:18', 'g'),
(1567, 'Ice', 'Others', 50000, 0, 0, 0.00, NULL, '2025-10-08 11:08:56', '2025-10-05 08:50:18', 'g'),
(1568, 'Fresh Fruits', 'Fruit', 50000, 0, 0, 0.00, NULL, '2025-10-08 11:16:43', '2025-10-05 08:50:19', 'g'),
(1569, 'Water', 'Others', 50000, 0, 0, 0.00, NULL, '2025-10-08 11:08:56', '2025-10-05 08:50:19', 'ml'),
(1570, 'Lemon', 'Fruit', 50000, 0, 0, 0.00, NULL, '2025-10-08 11:16:39', '2025-10-05 08:50:19', 'g'),
(1571, 'Water', 'Others', 50000, 0, 0, 0.00, NULL, '2025-10-08 11:08:56', '2025-10-05 08:50:19', 'ml'),
(1572, 'Sugar', 'Seasoning', 50000, 0, 0, 0.00, NULL, '2025-10-08 11:08:56', '2025-10-05 08:50:19', 'g'),
(1573, 'Coffee', 'Others', 50000, 0, 0, 0.00, NULL, '2025-10-08 11:08:56', '2025-10-05 08:50:19', 'g'),
(1574, 'Water', 'Others', 50000, 0, 0, 0.00, NULL, '2025-10-08 11:08:56', '2025-10-05 08:50:19', 'ml'),
(1575, 'Milk', 'Dairy', 50000, 0, 0, 0.00, NULL, '2025-10-10 12:03:44', '2025-10-05 08:50:19', 'ml'),
(1576, 'Chocolate Syrup', 'Others', 50000, 0, 0, 0.00, NULL, '2025-10-08 11:14:59', '2025-10-05 08:50:19', 'ml'),
(1577, 'Ice', 'Others', 50000, 0, 0, 0.00, NULL, '2025-10-08 11:08:56', '2025-10-05 08:50:19', 'g'),
(1578, 'Bed Sheets', 'Hotel Supplies', 50, 0, 0, 120.00, 'Admin', '2025-10-10 12:40:02', '2025-10-10 12:40:02', 'pcs'),
(1579, 'Pillows', 'Hotel Supplies', 100, 0, 0, 80.00, 'Admin', '2025-10-10 12:40:02', '2025-10-10 12:40:02', 'pcs'),
(1580, 'Blankets', 'Hotel Supplies', 40, 0, 0, 150.00, 'Admin', '2025-10-10 12:40:02', '2025-10-10 12:40:02', 'pcs'),
(1581, 'Mattress Protectors', 'Hotel Supplies', 60, 0, 0, 200.00, 'Admin', '2025-10-10 12:40:02', '2025-10-10 12:40:02', 'pcs'),
(1582, 'Curtains', 'Hotel Supplies', 30, 0, 0, 250.00, 'Admin', '2025-10-10 12:40:02', '2025-10-10 12:40:02', 'pcs'),
(1583, 'Bathrobes', 'Hotel Supplies', 70, 0, 0, 180.00, 'Admin', '2025-10-10 12:40:02', '2025-10-10 12:40:02', 'pcs'),
(1584, 'Slippers', 'Hotel Supplies', 90, 0, 0, 50.00, 'Admin', '2025-10-10 12:40:02', '2025-10-10 12:40:02', 'pair'),
(1585, 'Towels', 'Hotel Supplies', 200, 0, 0, 40.00, 'Admin', '2025-10-10 12:40:02', '2025-10-10 12:40:02', 'pcs'),
(1586, 'Laundry Bags', 'Hotel Supplies', 50, 0, 0, 60.00, 'Admin', '2025-10-10 12:40:02', '2025-10-10 12:40:02', 'pcs'),
(1587, 'Hangers', 'Hotel Supplies', 150, 0, 0, 5.00, 'Admin', '2025-10-10 12:40:02', '2025-10-10 12:40:02', 'pcs'),
(1588, 'Disinfectant Spray', 'Cleaning & Sanitation', 100, 0, 0, 25.00, 'Admin', '2025-10-10 12:40:02', '2025-10-10 12:40:02', 'bottle'),
(1589, 'Hand Soap', 'Cleaning & Sanitation', 200, 0, 0, 15.00, 'Admin', '2025-10-10 12:40:02', '2025-10-10 12:40:02', 'bottle'),
(1590, 'Mop', 'Cleaning & Sanitation', 50, 0, 0, 100.00, 'Admin', '2025-10-10 12:40:02', '2025-10-10 12:40:02', 'pcs'),
(1591, 'Broom', 'Cleaning & Sanitation', 50, 0, 0, 80.00, 'Admin', '2025-10-10 12:40:02', '2025-10-10 12:40:02', 'pcs'),
(1592, 'Trash Bags', 'Cleaning & Sanitation', 500, 0, 0, 2.00, 'Admin', '2025-10-10 12:40:02', '2025-10-10 12:40:02', 'pcs'),
(1593, 'Gloves', 'Cleaning & Sanitation', 300, 0, 0, 10.00, 'Admin', '2025-10-10 12:40:02', '2025-10-10 12:40:02', 'pair'),
(1594, 'Sanitizer', 'Cleaning & Sanitation', 150, 0, 0, 30.00, 'Admin', '2025-10-10 12:40:02', '2025-10-10 12:40:02', 'bottle'),
(1595, 'Floor Cleaner', 'Cleaning & Sanitation', 100, 0, 0, 50.00, 'Admin', '2025-10-10 12:40:02', '2025-10-10 12:40:02', 'bottle'),
(1596, 'Window Cleaner', 'Cleaning & Sanitation', 80, 0, 0, 45.00, 'Admin', '2025-10-10 12:40:02', '2025-10-10 12:40:02', 'bottle'),
(1597, 'Toilet Cleaner', 'Cleaning & Sanitation', 60, 0, 0, 40.00, 'Admin', '2025-10-10 12:40:02', '2025-10-10 12:40:02', 'bottle'),
(1598, 'Light Bulb', 'Utility Products', 200, 0, 0, 15.00, 'Admin', '2025-10-10 12:40:02', '2025-10-10 12:40:02', 'pcs'),
(1599, 'Extension Cord', 'Utility Products', 50, 0, 0, 100.00, 'Admin', '2025-10-10 12:40:02', '2025-10-10 12:40:02', 'pcs'),
(1600, 'Batteries', 'Utility Products', 300, 0, 0, 5.00, 'Admin', '2025-10-10 12:40:02', '2025-10-10 12:40:02', 'pcs'),
(1601, 'Power Strip', 'Utility Products', 70, 0, 0, 120.00, 'Admin', '2025-10-10 12:40:02', '2025-10-10 12:40:02', 'pcs'),
(1602, 'Smoke Detector', 'Utility Products', 30, 0, 0, 250.00, 'Admin', '2025-10-10 12:40:02', '2025-10-10 12:40:02', 'pcs'),
(1603, 'Flashlight', 'Utility Products', 80, 0, 0, 75.00, 'Admin', '2025-10-10 12:40:02', '2025-10-10 12:40:02', 'pcs'),
(1604, 'Fuses', 'Utility Products', 150, 0, 0, 20.00, 'Admin', '2025-10-10 12:40:02', '2025-10-10 12:40:02', 'pcs'),
(1605, 'Door Lock', 'Utility Products', 40, 0, 0, 350.00, 'Admin', '2025-10-10 12:40:02', '2025-10-10 12:40:02', 'pcs'),
(1606, 'Plug Adapter', 'Utility Products', 60, 0, 0, 50.00, 'Admin', '2025-10-10 12:40:02', '2025-10-10 12:40:02', 'pcs'),
(1607, 'Cable Ties', 'Utility Products', 500, 0, 0, 1.00, 'Admin', '2025-10-10 12:40:02', '2025-10-10 12:40:02', 'pcs'),
(1608, 'Printer Paper', 'Office Supplies', 1000, 0, 0, 5.00, 'Admin', '2025-10-10 12:40:02', '2025-10-10 12:40:02', 'ream'),
(1609, 'Pens', 'Office Supplies', 500, 0, 0, 10.00, 'Admin', '2025-10-10 12:40:02', '2025-10-10 12:40:02', 'pcs'),
(1610, 'Stapler', 'Office Supplies', 50, 0, 0, 120.00, 'Admin', '2025-10-10 12:40:02', '2025-10-10 12:40:02', 'pcs'),
(1611, 'Folders', 'Office Supplies', 200, 0, 0, 15.00, 'Admin', '2025-10-10 12:40:02', '2025-10-10 12:40:02', 'pcs'),
(1612, 'Notebooks', 'Office Supplies', 300, 0, 0, 50.00, 'Admin', '2025-10-10 12:40:02', '2025-10-10 12:40:02', 'pcs'),
(1613, 'Highlighters', 'Office Supplies', 150, 0, 0, 25.00, 'Admin', '2025-10-10 12:40:02', '2025-10-10 12:40:02', 'pcs'),
(1614, 'Markers', 'Office Supplies', 100, 0, 0, 20.00, 'Admin', '2025-10-10 12:40:02', '2025-10-10 12:40:02', 'pcs'),
(1615, 'Paper Clips', 'Office Supplies', 500, 0, 0, 2.00, 'Admin', '2025-10-10 12:40:02', '2025-10-10 12:40:02', 'pcs'),
(1616, 'Sticky Notes', 'Office Supplies', 300, 0, 0, 10.00, 'Admin', '2025-10-10 12:40:02', '2025-10-10 12:40:02', 'pcs'),
(1617, 'Whiteboard', 'Office Supplies', 20, 0, 0, 800.00, 'Admin', '2025-10-10 12:40:02', '2025-10-10 12:40:02', 'pcs'),
(1618, 'Oven', 'Kitchen Equipment', 10, 0, 0, 15000.00, 'Admin', '2025-10-10 12:40:02', '2025-10-10 12:40:02', 'pcs'),
(1619, 'Stove', 'Kitchen Equipment', 15, 0, 0, 12000.00, 'Admin', '2025-10-10 12:40:02', '2025-10-10 12:40:02', 'pcs'),
(1620, 'Microwave', 'Kitchen Equipment', 20, 0, 0, 8000.00, 'Admin', '2025-10-10 12:40:02', '2025-10-10 12:40:02', 'pcs'),
(1621, 'Refrigerator', 'Kitchen Equipment', 8, 0, 0, 25000.00, 'Admin', '2025-10-10 12:40:02', '2025-10-10 12:40:02', 'pcs'),
(1622, 'Dishwasher', 'Kitchen Equipment', 5, 0, 0, 18000.00, 'Admin', '2025-10-10 12:40:02', '2025-10-10 12:40:02', 'pcs'),
(1623, 'Mixer', 'Kitchen Equipment', 12, 0, 0, 5000.00, 'Admin', '2025-10-10 12:40:02', '2025-10-10 12:40:02', 'pcs'),
(1624, 'Blender', 'Kitchen Equipment', 15, 0, 0, 4000.00, 'Admin', '2025-10-10 12:40:02', '2025-10-10 12:40:02', 'pcs'),
(1625, 'Toaster', 'Kitchen Equipment', 20, 0, 0, 2000.00, 'Admin', '2025-10-10 12:40:02', '2025-10-10 12:40:02', 'pcs'),
(1626, 'Grill', 'Kitchen Equipment', 7, 0, 0, 12000.00, 'Admin', '2025-10-10 12:40:02', '2025-10-10 12:40:02', 'pcs'),
(1627, 'Food Processor', 'Kitchen Equipment', 10, 0, 0, 6000.00, 'Admin', '2025-10-10 12:40:02', '2025-10-10 12:40:02', 'pcs'),
(1628, 'Sofa', 'Furniture & Fixtures', 5, 0, 0, 20000.00, 'Admin', '2025-10-10 12:40:02', '2025-10-10 12:40:02', 'pcs'),
(1629, 'Dining Table', 'Furniture & Fixtures', 5, 0, 0, 15000.00, 'Admin', '2025-10-10 12:40:02', '2025-10-10 12:40:02', 'pcs'),
(1630, 'Chair', 'Furniture & Fixtures', 20, 0, 0, 3000.00, 'Admin', '2025-10-10 12:40:02', '2025-10-10 12:40:02', 'pcs'),
(1631, 'Bed', 'Furniture & Fixtures', 10, 0, 0, 25000.00, 'Admin', '2025-10-10 12:40:02', '2025-10-10 12:40:02', 'pcs'),
(1632, 'Wardrobe', 'Furniture & Fixtures', 7, 0, 0, 18000.00, 'Admin', '2025-10-10 12:40:02', '2025-10-10 12:40:02', 'pcs'),
(1633, 'Desk', 'Furniture & Fixtures', 10, 0, 0, 12000.00, 'Admin', '2025-10-10 12:40:02', '2025-10-10 12:40:02', 'pcs'),
(1634, 'Bookshelf', 'Furniture & Fixtures', 8, 0, 0, 10000.00, 'Admin', '2025-10-10 12:40:02', '2025-10-10 12:40:02', 'pcs'),
(1635, 'Nightstand', 'Furniture & Fixtures', 10, 0, 0, 5000.00, 'Admin', '2025-10-10 12:40:02', '2025-10-10 12:40:02', 'pcs'),
(1636, 'Coffee Table', 'Furniture & Fixtures', 5, 0, 0, 8000.00, 'Admin', '2025-10-10 12:40:02', '2025-10-10 12:40:02', 'pcs'),
(1637, 'TV Stand', 'Furniture & Fixtures', 5, 0, 0, 9000.00, 'Admin', '2025-10-10 12:40:02', '2025-10-10 12:40:02', 'pcs'),
(1638, 'Shampoo', 'Toiletries', 100, 0, 0, 200.00, 'Admin', '2025-10-10 12:40:02', '2025-10-10 12:40:02', 'bottle'),
(1639, 'Conditioner', 'Toiletries', 100, 0, 0, 200.00, 'Admin', '2025-10-10 12:40:02', '2025-10-10 12:40:02', 'bottle'),
(1640, 'Soap', 'Toiletries', 200, 0, 0, 50.00, 'Admin', '2025-10-10 12:40:02', '2025-10-10 12:40:02', 'pcs'),
(1641, 'Toothpaste', 'Toiletries', 150, 0, 0, 80.00, 'Admin', '2025-10-10 12:40:02', '2025-10-10 12:40:02', 'tube'),
(1642, 'Toothbrush', 'Toiletries', 150, 0, 0, 30.00, 'Admin', '2025-10-10 12:40:02', '2025-10-10 12:40:02', 'pcs'),
(1643, 'Body Lotion', 'Toiletries', 120, 0, 0, 150.00, 'Admin', '2025-10-10 12:40:02', '2025-10-10 12:40:02', 'bottle'),
(1644, 'Tissue Paper', 'Toiletries', 500, 0, 0, 10.00, 'Admin', '2025-10-10 12:40:02', '2025-10-10 12:40:02', 'pcs'),
(1645, 'Shaving Kit', 'Toiletries', 50, 0, 0, 300.00, 'Admin', '2025-10-10 12:40:02', '2025-10-10 12:40:02', 'set'),
(1646, 'Sanitary Pads', 'Toiletries', 100, 0, 0, 100.00, 'Admin', '2025-10-10 12:40:02', '2025-10-10 12:40:02', 'pack'),
(1647, 'Mouthwash', 'Toiletries', 80, 0, 0, 120.00, 'Admin', '2025-10-10 12:40:02', '2025-10-10 12:40:02', 'bottle'),
(1648, 'Bed Sheets (Laundry)', 'Laundry & Linen', 50, 0, 0, 100.00, 'Admin', '2025-10-10 12:40:02', '2025-10-10 12:40:02', 'pcs'),
(1649, 'Towels (Laundry)', 'Laundry & Linen', 100, 0, 0, 40.00, 'Admin', '2025-10-10 12:40:02', '2025-10-10 12:40:02', 'pcs'),
(1650, 'Pillow Covers', 'Laundry & Linen', 70, 0, 0, 50.00, 'Admin', '2025-10-10 12:40:02', '2025-10-10 12:40:02', 'pcs'),
(1651, 'Blankets (Laundry)', 'Laundry & Linen', 30, 0, 0, 150.00, 'Admin', '2025-10-10 12:40:02', '2025-10-10 12:40:02', 'pcs'),
(1652, 'Napkins', 'Laundry & Linen', 200, 0, 0, 10.00, 'Admin', '2025-10-10 12:40:02', '2025-10-10 12:40:02', 'pcs'),
(1653, 'Table Cloth', 'Laundry & Linen', 50, 0, 0, 200.00, 'Admin', '2025-10-10 12:40:02', '2025-10-10 12:40:02', 'pcs'),
(1654, 'Laundry Bags', 'Laundry & Linen', 60, 0, 0, 60.00, 'Admin', '2025-10-10 12:40:02', '2025-10-10 12:40:02', 'pcs'),
(1655, 'Curtains (Laundry)', 'Laundry & Linen', 20, 0, 0, 250.00, 'Admin', '2025-10-10 12:40:02', '2025-10-10 12:40:02', 'pcs'),
(1656, 'Mattress Covers', 'Laundry & Linen', 40, 0, 0, 180.00, 'Admin', '2025-10-10 12:40:02', '2025-10-10 12:40:02', 'pcs'),
(1657, 'Bath Mats', 'Laundry & Linen', 50, 0, 0, 120.00, 'Admin', '2025-10-10 12:40:02', '2025-10-10 12:40:02', 'pcs'),
(1660, 'Root Bear', 'Beverage', 100, 0, 0, 100.00, 'Juan Dela Cruz', '2025-10-10 12:45:06', '2025-10-10 12:45:06', '-');

-- --------------------------------------------------------

--
-- Table structure for table `purchase_orders`
--

CREATE TABLE `purchase_orders` (
  `po_id` int(11) NOT NULL,
  `supplier_id` int(11) DEFAULT NULL,
  `po_number` varchar(50) DEFAULT NULL,
  `item` varchar(100) DEFAULT NULL,
  `order_date` date NOT NULL,
  `status` enum('pending','received','cancelled') DEFAULT 'pending',
  `total_amount` decimal(10,2) DEFAULT 0.00,
  `category` varchar(100) DEFAULT '',
  `quantity` int(11) NOT NULL DEFAULT 1,
  `condition_status` enum('Good','Damaged','Expired') DEFAULT NULL,
  `received_date` datetime DEFAULT NULL
) ENGINE=InnoDB DEFAULT CHARSET=utf8mb4 COLLATE=utf8mb4_general_ci;

--
-- Dumping data for table `purchase_orders`
--

INSERT INTO `purchase_orders` (`po_id`, `supplier_id`, `po_number`, `item`, `order_date`, `status`, `total_amount`, `category`, `quantity`, `condition_status`, `received_date`) VALUES
(1, 53, 'PO-20250924-850', 'Detergent', '2025-09-24', 'pending', 9000.00, 'Cleaning & Sanitation', 50, 'Good', '2025-09-24 00:00:00'),
(2, 25, 'PO-20250924-348', 'Orange Juice', '2025-09-24', 'received', 5000.00, 'Beverage', 10, 'Good', '2025-09-24 00:00:00'),
(3, 43, 'PO-20250924-014', 'Soy Sauce', '2025-09-24', 'received', 5000.00, 'Seasoning', 1000, 'Good', '2025-09-24 00:00:00'),
(4, 23, 'PO-20250924-356', 'Bedsheet', '2025-09-24', 'received', 50000.00, 'Laundry & Linen', 50, 'Good', '2025-09-24 00:00:00'),
(5, 24, 'PO-20250924-813', 'Soap', '2025-09-24', 'received', 300.00, 'Cleaning & Sanitation', 30, 'Good', '2025-09-24 00:00:00'),
(11, 10, 'PO-20250924-1001', 'Key Cards', '2025-09-24', 'pending', 1200.00, 'Hotel Supplies', 100, 'Good', '2025-09-24 00:00:00'),
(12, 11, 'PO-20250924-1002', 'Detergent', '2025-09-24', 'pending', 2500.00, 'Cleaning & Sanitation', 50, 'Good', '2025-09-24 00:00:00'),
(13, 12, 'PO-20250924-1003', 'Extension Cords', '2025-09-24', 'pending', 1800.00, 'Utility Products', 30, 'Good', '2025-09-24 00:00:00'),
(14, 13, 'PO-20250924-1004', 'Printer Paper', '2025-09-24', 'pending', 800.00, 'Office Supplies', 20, 'Good', '2025-09-24 00:00:00'),
(15, 14, 'PO-20250924-1005', 'Cooking Pans', '2025-09-24', 'pending', 5000.00, 'Kitchen Equipment', 10, 'Good', '2025-09-24 00:00:00'),
(16, 15, 'PO-20250924-1006', 'Dining Chairs', '2025-09-24', 'pending', 15000.00, 'Furniture & Fixtures', 15, 'Good', '2025-09-24 00:00:00'),
(17, 16, 'PO-20250924-1007', 'Shampoo', '2025-09-24', 'received', 2000.00, 'Toiletries', 25, 'Good', '2025-09-24 00:00:00'),
(18, 17, 'PO-20250924-1008', 'Bedsheets', '2025-09-24', 'pending', 5000.00, 'Laundry & Linen', 20, 'Good', '2025-09-24 00:00:00'),
(19, 18, 'PO-20250924-1009', 'Mineral Water', '2025-09-24', 'pending', 1500.00, 'Beverage', 50, 'Good', '2025-09-24 00:00:00'),
(20, 19, 'PO-20250924-1010', 'Beef', '2025-09-24', 'pending', 6000.00, 'Meat', 40, 'Good', '2025-09-24 00:00:00'),
(21, 20, 'PO-20250924-1011', 'Salmon', '2025-09-24', 'pending', 8000.00, 'Seafood', 30, 'Good', '2025-09-24 00:00:00'),
(22, 21, 'PO-20250924-1012', 'Tomatoes', '2025-09-24', 'pending', 1200.00, 'Vegetable', 60, 'Good', '2025-09-24 00:00:00'),
(23, 22, 'PO-20250924-1013', 'Bananas', '2025-09-24', 'pending', 900.00, 'Fruit', 80, 'Good', '2025-09-24 00:00:00'),
(24, 23, 'PO-20250924-1014', 'Milk', '2025-09-24', 'pending', 1500.00, 'Dairy', 30, 'Good', '2025-09-24 00:00:00'),
(25, 24, 'PO-20250924-1015', 'Soy Sauce', '2025-09-24', 'pending', 2000.00, 'Seasoning', 25, 'Good', '2025-09-24 00:00:00'),
(26, 25, 'PO-20250924-1016', 'Rice', '2025-09-24', 'pending', 5000.00, 'Grain', 100, 'Good', '2025-09-24 00:00:00'),
(27, 26, 'PO-20250924-1017', 'Coffee', '2025-09-24', 'pending', 1200.00, 'Beverage', 20, 'Good', '2025-09-24 00:00:00'),
(28, 27, 'PO-20250924-1018', 'Black Pepper', '2025-09-24', 'received', 700.00, 'Spice', 10, 'Good', '2025-09-24 00:00:00'),
(29, 28, 'PO-20250924-1019', 'Misc Items', '2025-09-24', 'received', 3000.00, 'Others', 50, 'Good', '2025-09-24 00:00:00'),
(30, 26, 'PO-20250924-353', 'Gallon of water', '2025-09-24', 'received', 2000.00, 'Beverage', 23, NULL, NULL),
(31, 33, 'PO-20251002-730', 'Sprite', '2025-10-02', 'received', 5000.00, 'Beverage', 50, NULL, NULL),
(32, 40, 'PO-20251004-866', 'Coca-Cola', '2025-10-04', 'received', 50.00, 'Beverage', 555, NULL, NULL),
(33, 25, 'PO-20251004-907', 'Royal', '2025-10-04', 'received', 22222.00, 'Beverage', 20, NULL, NULL),
(34, 33, 'PO-20251010-561', 'Root Bear', '2025-10-10', 'received', 10000.00, 'Beverage', 100, NULL, NULL);

-- --------------------------------------------------------

--
-- Table structure for table `suppliers`
--

CREATE TABLE `suppliers` (
  `supplier_id` int(11) NOT NULL,
  `supplier_name` varchar(100) NOT NULL,
  `contact_person` varchar(100) DEFAULT NULL,
  `phone` varchar(20) DEFAULT NULL,
  `email` varchar(100) DEFAULT NULL,
  `address` text DEFAULT NULL,
  `created_at` timestamp NOT NULL DEFAULT current_timestamp(),
  `is_active` tinyint(1) DEFAULT 1,
  `category` varchar(50) DEFAULT NULL
) ENGINE=InnoDB DEFAULT CHARSET=utf8mb4 COLLATE=utf8mb4_general_ci;

--
-- Dumping data for table `suppliers`
--

INSERT INTO `suppliers` (`supplier_id`, `supplier_name`, `contact_person`, `phone`, `email`, `address`, `created_at`, `is_active`, `category`) VALUES
(1, 'Elite Hotel Supplies Co.', 'John Reyes', '09171234567', 'john@elitehotelsupplies.com', '123 Makati Ave, Makati City', '2025-09-24 06:32:01', 1, 'Hotel Supplies'),
(2, 'Premier Hospitality Supply', 'Anna Santos', '09172223344', 'anna@premierhospitality.com', '45 Bonifacio St, Manila', '2025-09-24 06:32:01', 1, 'Hotel Supplies'),
(3, 'Luxury Inn Essentials', 'Carlos Dela Cruz', '09173334455', 'carlos@luxuryinn.com', '78 Ortigas Ave, Pasig', '2025-09-24 06:32:01', 1, 'Hotel Supplies'),
(4, 'CleanPro Solutions', 'Maria Santos', '09172345678', 'maria@cleanpro.com', '45 Quezon Blvd, Manila', '2025-09-24 06:32:01', 1, 'Cleaning & Sanitation'),
(5, 'SanitizePlus PH', 'David Lim', '09173456789', 'david@sanitizeplus.com', '12 Shaw Blvd, Mandaluyong', '2025-09-24 06:32:01', 1, 'Cleaning & Sanitation'),
(6, 'SparkleClean Supplies', 'Grace Villanueva', '09174567890', 'grace@sparkleclean.com', '33 Ayala Ave, Makati', '2025-09-24 06:32:01', 1, 'Cleaning & Sanitation'),
(7, 'UtilityMart Inc.', 'Carlos Dela Cruz', '09173456789', 'carlos@utilitymart.com', '78 Ortigas Ave, Pasig', '2025-09-24 06:32:01', 1, 'Utility Products'),
(8, 'Essential Utilities PH', 'Patricia Gomez', '09175678901', 'patricia@essentialutilities.com', '56 EDSA, Quezon City', '2025-09-24 06:32:01', 1, 'Utility Products'),
(9, 'ProUtility Supply', 'Ricardo Ramos', '09176789012', 'ricardo@proutility.com', '99 Taft Ave, Manila', '2025-09-24 06:32:01', 1, 'Utility Products'),
(10, 'OfficeHub Supply', 'Anne Lim', '09174567890', 'anne@officehub.com', '12 Bonifacio St, Mandaluyong', '2025-09-24 06:32:01', 1, 'Office Supplies'),
(11, 'Stationery Plus', 'Leo Reyes', '09175678901', 'leo@stationeryplus.com', '45 Makati Ave, Makati', '2025-09-24 06:32:01', 1, 'Office Supplies'),
(12, 'OfficePro PH', 'Samantha Cruz', '09176789012', 'samantha@officepro.com', '33 EDSA, Quezon City', '2025-09-24 06:32:01', 1, 'Office Supplies'),
(13, 'KitchenPro Equipments', 'Roberto Tan', '09175678901', 'roberto@kitchenpro.com', '89 Shaw Blvd, Mandaluyong', '2025-09-24 06:32:01', 1, 'Kitchen Equipment'),
(14, 'ChefMate PH', 'Elena Santos', '09177890123', 'elena@chefmate.com', '12 Makati Ave, Makati', '2025-09-24 06:32:01', 1, 'Kitchen Equipment'),
(15, 'Culinary Essentials', 'Miguel Cruz', '09178901234', 'miguel@culinaryessentials.com', '33 Quezon Blvd, Manila', '2025-09-24 06:32:01', 1, 'Kitchen Equipment'),
(16, 'FurniFix Corp.', 'Samantha Cruz', '09176789012', 'samantha@furnifix.com', '33 Ayala Ave, Makati', '2025-09-24 06:32:01', 1, 'Furniture & Fixtures'),
(17, 'Comfort Living PH', 'Daniel Lim', '09179012345', 'daniel@comfortliving.com', '45 Bonifacio St, Manila', '2025-09-24 06:32:01', 1, 'Furniture & Fixtures'),
(18, 'Interior Solutions', 'Clara Santos', '09170123456', 'clara@interiorsolutions.com', '78 Ortigas Ave, Pasig', '2025-09-24 06:32:01', 1, 'Furniture & Fixtures'),
(19, 'Toiletry Essentials', 'David Lim', '09177890123', 'david@toiletryessentials.com', '56 EDSA, Quezon City', '2025-09-24 06:32:01', 1, 'Toiletries'),
(20, 'Fresh & Clean PH', 'Angela Cruz', '09178901234', 'angela@freshclean.com', '33 Commonwealth Ave, Quezon City', '2025-09-24 06:32:01', 1, 'Toiletries'),
(21, 'Bath & Body Supply', 'Patrick Reyes', '09179012345', 'patrick@bathbody.com', '44 Banawe St, Quezon City', '2025-09-24 06:32:01', 1, 'Toiletries'),
(22, 'Linen & Laundry Supply', 'Grace Villanueva', '09178901234', 'grace@linenlaundry.com', '77 Taft Ave, Manila', '2025-09-24 06:32:01', 1, 'Laundry & Linen'),
(23, 'Fresh Linen Co.', 'Rina Villanueva', '09170123456', 'rina@freshlinen.com', '55 EDSA, Quezon City', '2025-09-24 06:32:01', 1, 'Laundry & Linen'),
(24, 'CleanLinen PH', 'Jose Tan', '09171234567', 'jose@cleanlinen.com', '66 Makati Ave, Makati', '2025-09-24 06:32:01', 1, 'Laundry & Linen'),
(25, 'Beverage Co. PH', 'Mark Fernandez', '09179012345', 'mark@beverageph.com', '101 Pasong Tamo, Makati', '2025-09-24 06:32:01', 1, 'Beverage'),
(26, 'DrinkWell Inc.', 'Clara Ramos', '09170123456', 'clara@drinkwell.com', '33 Shaw Blvd, Mandaluyong', '2025-09-24 06:32:01', 1, 'Beverage'),
(27, 'Refreshments PH', 'Leo Cruz', '09171234567', 'leo@refreshments.com', '44 Bonifacio St, Manila', '2025-09-24 06:32:01', 1, 'Beverage'),
(28, 'Prime Meats Supplier', 'Elaine Ramos', '09170123456', 'elaine@primemeats.com', '20 Congressional Ave, Quezon City', '2025-09-24 06:32:01', 1, 'Meat'),
(29, 'MeatMaster PH', 'Daniel Lim', '09171234567', 'daniel@meatmaster.com', '56 EDSA, Quezon City', '2025-09-24 06:32:01', 1, 'Meat'),
(30, 'Fresh Cuts Co.', 'Angela Cruz', '09172345678', 'angela@freshcuts.com', '33 Commonwealth Ave, Quezon City', '2025-09-24 06:32:01', 1, 'Meat'),
(31, 'SeaFresh Co.', 'Ricardo Gomez', '09171234567', 'ricardo@seafresh.com', '15 Seaside Rd, Navotas', '2025-09-24 06:32:01', 1, 'Seafood'),
(32, 'OceanDelight PH', 'Patricia Gomez', '09172345678', 'patricia@oceandelight.com', '44 Manila Bay Rd, Navotas', '2025-09-24 06:32:01', 1, 'Seafood'),
(33, 'BlueSea Supply', 'Miguel Cruz', '09173456789', 'miguel@bluesea.com', '33 Roxas Blvd, Manila', '2025-09-24 06:32:01', 1, 'Seafood'),
(34, 'GreenVeg Supply', 'Angela Cruz', '09173456789', 'angela@greenveg.com', '33 Commonwealth Ave, Quezon City', '2025-09-24 06:32:01', 1, 'Vegetable'),
(35, 'VeggieWorld PH', 'Jose Tan', '09174567890', 'jose@veggieworld.com', '12 Makati Ave, Makati', '2025-09-24 06:32:01', 1, 'Vegetable'),
(36, 'FreshLeaf Co.', 'Rina Villanueva', '09175678901', 'rina@freshleaf.com', '55 Shaw Blvd, Mandaluyong', '2025-09-24 06:32:01', 1, 'Vegetable'),
(37, 'Fruitopia Inc.', 'Patrick Reyes', '09173456789', 'patrick@fruitopia.com', '44 Banawe St, Quezon City', '2025-09-24 06:32:01', 1, 'Fruit'),
(38, 'TropiFruit PH', 'Daniel Lim', '09174567890', 'daniel@tropifruit.com', '33 Quezon Ave, Quezon City', '2025-09-24 06:32:01', 1, 'Fruit'),
(39, 'FruitFresh Co.', 'Angela Cruz', '09175678901', 'angela@fruitfresh.com', '55 EDSA, Quezon City', '2025-09-24 06:32:01', 1, 'Fruit'),
(40, 'DairyFresh PH', 'Clara Santos', '09174567890', 'clara@dairyfresh.com', '55 Quezon Ave, Quezon City', '2025-09-24 06:32:01', 1, 'Dairy'),
(41, 'MilkMates Inc.', 'Roberto Tan', '09175678901', 'roberto@milkmates.com', '33 Makati Ave, Makati', '2025-09-24 06:32:01', 1, 'Dairy'),
(42, 'CreamyDelight PH', 'Samantha Cruz', '09176789012', 'samantha@creamydelight.com', '44 Shaw Blvd, Mandaluyong', '2025-09-24 06:32:01', 1, 'Dairy'),
(43, 'FlavorPlus Seasoning', 'Jose Tan', '09175678901', 'jose@flavorplus.com', '66 Alabang St, Muntinlupa', '2025-09-24 06:32:01', 1, 'Seasoning'),
(44, 'SpiceKing PH', 'Clara Santos', '09176789012', 'clara@spiceking.com', '33 Makati Ave, Makati', '2025-09-24 06:32:01', 1, 'Seasoning'),
(45, 'TasteMasters', 'Miguel Cruz', '09177890123', 'miguel@tastemasters.com', '12 Shaw Blvd, Mandaluyong', '2025-09-24 06:32:01', 1, 'Seasoning'),
(46, 'GrainHouse Supply', 'Liza Moreno', '09176789012', 'liza@grainhouse.com', '77 Makati Ave, Makati', '2025-09-24 06:32:01', 1, 'Grain'),
(47, 'GrainPlus PH', 'Patrick Reyes', '09177890123', 'patrick@grainplus.com', '44 Quezon Ave, Quezon City', '2025-09-24 06:32:01', 1, 'Grain'),
(48, 'HealthyGrain Co.', 'Daniel Lim', '09178901234', 'daniel@healthygrain.com', '55 EDSA, Quezon City', '2025-09-24 06:32:01', 1, 'Grain'),
(49, 'SpiceWorld PH', 'Miguel Cruz', '09177890123', 'miguel@spiceworld.com', '88 Shaw Blvd, Mandaluyong', '2025-09-24 06:32:01', 1, 'Spice'),
(50, 'HotSpice Co.', 'Angela Cruz', '09178901234', 'angela@hotspice.com', '33 Commonwealth Ave, Quezon City', '2025-09-24 06:32:01', 1, 'Spice'),
(51, 'SpiceMasters PH', 'Rina Villanueva', '09170123456', 'rina@spicemasters.com', '44 Makati Ave, Makati', '2025-09-24 06:32:01', 1, 'Spice'),
(52, 'Miscellaneous Supply Co.', 'Rina Villanueva', '09178901234', 'rina@miscsupplies.com', '99 Taft Ave, Manila', '2025-09-24 06:32:01', 1, 'Others'),
(53, 'AllPurpose PH', 'Patrick Reyes', '09170123456', 'patrick@allpurpose.com', '33 Bonifacio St, Manila', '2025-09-24 06:32:01', 1, 'Others'),
(54, 'General Supplies Co.', 'Clara Santos', '09171234567', 'clara@generalsupplies.com', '45 EDSA, Quezon City', '2025-09-24 06:32:01', 1, 'Others');

-- --------------------------------------------------------

--
-- Table structure for table `waste`
--

CREATE TABLE `waste` (
  `waste_id` int(11) NOT NULL,
  `item_id` int(11) NOT NULL,
  `waste_qty` decimal(10,2) NOT NULL,
  `stock_after` decimal(10,2) NOT NULL,
  `reason` varchar(255) NOT NULL,
  `removed_by` varchar(100) NOT NULL,
  `removed_at` datetime NOT NULL DEFAULT current_timestamp(),
  `remark` varchar(255) DEFAULT NULL,
  `footprint` timestamp NOT NULL DEFAULT current_timestamp()
) ENGINE=InnoDB DEFAULT CHARSET=utf8mb4 COLLATE=utf8mb4_general_ci;

--
-- Dumping data for table `waste`
--

INSERT INTO `waste` (`waste_id`, `item_id`, `waste_qty`, `stock_after`, `reason`, `removed_by`, `removed_at`, `remark`, `footprint`) VALUES
(0, 134, 10.00, 10.00, 'Expired', '', '2025-09-22 20:20:46', NULL, '2025-09-22 12:20:46'),
(0, 275, 10.00, 170.00, 'Damaged', '', '2025-09-23 20:17:46', NULL, '2025-09-23 12:17:46'),
(0, 275, 10.00, 170.00, 'Expired', '', '2025-09-23 20:18:02', NULL, '2025-09-23 12:18:02'),
(0, 275, 10.00, 170.00, 'Expired', '', '2025-09-23 20:18:12', NULL, '2025-09-23 12:18:12'),
(0, 821, 10.00, 190.00, 'Damaged', '', '2025-09-23 22:54:31', NULL, '2025-09-23 14:54:31'),
(0, 821, 10.00, 180.00, 'Damaged', '', '2025-09-23 22:57:12', NULL, '2025-09-23 14:57:12'),
(0, 821, 10.00, 170.00, 'Damaged', '', '2025-09-23 22:57:33', NULL, '2025-09-23 14:57:33'),
(0, 799, 10.00, 149990.00, 'Expired', '', '2025-09-23 22:59:35', NULL, '2025-09-23 14:59:35'),
(0, 821, 30.00, 0.00, 'Expired', '', '2025-09-24 00:07:05', NULL, '2025-09-23 16:07:05'),
(0, 801, 5.00, 0.00, 'Expired', '', '2025-09-24 00:07:22', NULL, '2025-09-23 16:07:22'),
(0, 1014, 10.00, 0.00, 'Damaged', '', '2025-09-24 20:55:30', NULL, '2025-09-24 12:55:30'),
(0, 1513, 50.00, 0.00, 'Damaged', '', '2025-10-10 18:45:27', NULL, '2025-10-10 10:45:27'),
(0, 1444, 20.00, 0.00, 'Expired', '', '2025-10-10 18:46:31', NULL, '2025-10-10 10:46:31');

--
-- Indexes for dumped tables
--

--
-- Indexes for table `grn`
--
ALTER TABLE `grn`
  ADD PRIMARY KEY (`grn_id`),
  ADD KEY `fk_grn_po` (`po_id`),
  ADD KEY `fk_grn_staff` (`inspected_by`);

--
-- Indexes for table `inventory`
--
ALTER TABLE `inventory`
  ADD PRIMARY KEY (`item_id`),
  ADD KEY `fk_inventory_inspector` (`inspected_by`);

--
-- Indexes for table `purchase_orders`
--
ALTER TABLE `purchase_orders`
  ADD PRIMARY KEY (`po_id`);

--
-- AUTO_INCREMENT for dumped tables
--

--
-- AUTO_INCREMENT for table `grn`
--
ALTER TABLE `grn`
  MODIFY `grn_id` int(11) NOT NULL AUTO_INCREMENT, AUTO_INCREMENT=18;

--
-- AUTO_INCREMENT for table `inventory`
--
ALTER TABLE `inventory`
  MODIFY `item_id` int(11) NOT NULL AUTO_INCREMENT, AUTO_INCREMENT=1661;

--
-- AUTO_INCREMENT for table `purchase_orders`
--
ALTER TABLE `purchase_orders`
  MODIFY `po_id` int(11) NOT NULL AUTO_INCREMENT, AUTO_INCREMENT=35;

--
-- Constraints for dumped tables
--

--
-- Constraints for table `grn`
--
ALTER TABLE `grn`
  ADD CONSTRAINT `fk_grn_po` FOREIGN KEY (`po_id`) REFERENCES `purchase_orders` (`po_id`) ON UPDATE CASCADE;
COMMIT;

/*!40101 SET CHARACTER_SET_CLIENT=@OLD_CHARACTER_SET_CLIENT */;
/*!40101 SET CHARACTER_SET_RESULTS=@OLD_CHARACTER_SET_RESULTS */;
/*!40101 SET COLLATION_CONNECTION=@OLD_COLLATION_CONNECTION */;
